"Phylum","Class","Subclass","Order","Family","Subfamily","Tribus","Genus","Species","Subspecies","Taxa"
"Arthropoda","","","","","","","","","","Arthropoda"
"Arthropoda","","","Odonata","","","","","","","Odonata"
"Arthropoda","","","Odonata","","","","","Otu 1","","Otu 1"
"Arthropoda","","","Odonata","","","","","Otu 2","","Otu 2"
"Arthropoda","","","Odonata","","","","","Otu 3","","Otu 3"
"Arthropoda","","","Odonata","","","","","Otu 4","","Otu 4"
"Arthropoda","","","Odonata","","","","","Otu 5","","Otu 5"
"Arthropoda","","","Odonata","","","","","Otu 6","","Otu 6"
"Arthropoda","","","Odonata","","","","","Otu 7","","Otu 7"
"Arthropoda","","","Odonata","","","","","Otu 8","","Otu 8"
"Arthropoda","","","Odonata","","","","","Otu 9","","Otu 9"
"Arthropoda","","","Odonata","","","","","Otu 10","","Otu 10"
"Arthropoda","","","Odonata","","","","","Otu 11","","Otu 11"
"Arthropoda","","","Odonata","","","","","Otu 12","","Otu 12"
"Arthropoda","","","Odonata","","","","","Otu 13","","Otu 13"
"Arthropoda","","","Odonata","","","","","Otu 14","","Otu 14"
"Arthropoda","","","Odonata","","","","","Otu 15","","Otu 15"
"Arthropoda","","","Odonata","","","","","Otu 16","","Otu 16"
"Arthropoda","","","Odonata","","","","","Otu 17","","Otu 17"
"Arthropoda","","","Odonata","","","","","Otu 18","","Otu 18"
"Arthropoda","","","Odonata","","","","","Otu 19","","Otu 19"
"Arthropoda","","","Odonata","","","","","Otu 20","","Otu 20"
"Arthropoda","","","Odonata","","","","","Otu 21","","Otu 21"
"Arthropoda","","","Odonata","","","","","Otu 22","","Otu 22"
"Arthropoda","","","Odonata","","","","","Otu 23","","Otu 23"
"Arthropoda","","","Odonata","","","","","Otu 24","","Otu 24"
"Arthropoda","","","Odonata","","","","","Otu 25","","Otu 25"
"Arthropoda","","","Odonata","","","","","Otu 26","","Otu 26"
"Arthropoda","","","Odonata","","","","","Otu 27","","Otu 27"
"Arthropoda","","","Odonata","","","","","Otu 28","","Otu 28"
"Arthropoda","","","Odonata","","","","","Otu 29","","Otu 29"
"Arthropoda","","","Odonata","","","","","Otu 30","","Otu 30"
"Arthropoda","","","Odonata","","","","","Otu 31","","Otu 31"
"Arthropoda","","","Odonata","","","","","Otu 32","","Otu 32"
"Arthropoda","","","Odonata","","","","","Otu 33","","Otu 33"
"Arthropoda","","","Odonata","","","","","Otu 34","","Otu 34"
"Arthropoda","","","Odonata","","","","","Otu 35","","Otu 35"
"Arthropoda","","","Odonata","","","","","Otu 36","","Otu 36"
"Arthropoda","","","Odonata","","","","","Otu 37","","Otu 37"
"Arthropoda","","","Odonata","","","","","Otu 38","","Otu 38"
"Arthropoda","","","Odonata","","","","","Otu 39","","Otu 39"
"Arthropoda","","","Odonata","","","","","Otu 40","","Otu 40"
"Arthropoda","","","Odonata","","","","","Otu 41","","Otu 41"
"Arthropoda","","","Odonata","","","","","Otu 42","","Otu 42"
"Arthropoda","","","Odonata","","","","","Otu 43","","Otu 43"
"Arthropoda","","","Odonata","","","","","Otu 44","","Otu 44"
"Arthropoda","","","Odonata","","","","","Otu 45","","Otu 45"
"Arthropoda","","","Odonata","","","","","Otu 46","","Otu 46"
"Arthropoda","","","Odonata","","","","","Otu 47","","Otu 47"
"Arthropoda","","","Odonata","","","","","Otu 48","","Otu 48"
"Arthropoda","","","Odonata","","","","","Otu 49","","Otu 49"
"Arthropoda","","","Odonata","","","","","Otu 50","","Otu 50"
"Arthropoda","","","Odonata","","","","","Otu 51","","Otu 51"
"Arthropoda","","","Odonata","","","","","Otu 52","","Otu 52"
"Arthropoda","","","Odonata","","","","","Otu 53","","Otu 53"
"Arthropoda","","","Odonata","","","","","Otu 54","","Otu 54"
"Arthropoda","","","Odonata","","","","","Otu 55","","Otu 55"
"Arthropoda","","","Odonata","","","","","Otu 56","","Otu 56"
"Arthropoda","","","Odonata","","","","","Otu 57","","Otu 57"
"Arthropoda","","","Odonata","","","","","Otu 58","","Otu 58"
"Arthropoda","","","Odonata","","","","","Otu 59","","Otu 59"
"Arthropoda","","","Odonata","","","","","Otu 60","","Otu 60"
"Arthropoda","","","Odonata","","","","","Otu 61","","Otu 61"
"Arthropoda","","","Odonata","","","","","Otu 62","","Otu 62"
"Arthropoda","","","Odonata","","","","","Otu 63","","Otu 63"
"Arthropoda","","","Odonata","","","","","Otu 64","","Otu 64"
"Arthropoda","","","Odonata","","","","","Otu 65","","Otu 65"
"Arthropoda","","","Odonata","","","","","Otu 66","","Otu 66"
"Arthropoda","","","Odonata","","","","","Otu 67","","Otu 67"
"Arthropoda","","","Odonata","","","","","Otu 68","","Otu 68"
"Arthropoda","","","Odonata","","","","","Otu 69","","Otu 69"
"Arthropoda","","","Odonata","","","","","Otu 70","","Otu 70"
"Arthropoda","","","Odonata","","","","","Otu 71","","Otu 71"
"Arthropoda","","","Odonata","","","","","Otu 72","","Otu 72"
"Arthropoda","","","Odonata","","","","","Otu 73","","Otu 73"
"Arthropoda","","","Odonata","","","","","Otu 74","","Otu 74"
"Arthropoda","","","Odonata","","","","","Otu 75","","Otu 75"
"Arthropoda","","","Odonata","","","","","Otu 76","","Otu 76"
"Arthropoda","","","Odonata","","","","","Otu 77","","Otu 77"
"Arthropoda","","","Odonata","","","","","Otu 78","","Otu 78"
"Arthropoda","","","Odonata","","","","","Otu 79","","Otu 79"
"Arthropoda","","","Odonata","","","","","Otu 80","","Otu 80"
"Arthropoda","","","Odonata","","","","","Otu 81","","Otu 81"
"Arthropoda","","","Odonata","","","","","Otu 82","","Otu 82"
"Arthropoda","","","Odonata","","","","","Otu 83","","Otu 83"
"Arthropoda","","","Odonata","","","","","Otu 84","","Otu 84"
"Arthropoda","","","Odonata","","","","","Otu 85","","Otu 85"
"Arthropoda","","","Odonata","","","","","Otu 86","","Otu 86"
"Arthropoda","","","Odonata","","","","","Otu 87","","Otu 87"
"Arthropoda","","","Odonata","","","","","Otu 88","","Otu 88"
"Arthropoda","","","Odonata","","","","","Otu 89","","Otu 89"
"Arthropoda","","","Odonata","","","","","Otu 90","","Otu 90"
"Arthropoda","","","Odonata","","","","","Otu 91","","Otu 91"
"Arthropoda","","","Odonata","","","","","Otu 92","","Otu 92"
"Arthropoda","","","Odonata","","","","","Otu 93","","Otu 93"
"Arthropoda","","","Odonata","","","","","Otu 94","","Otu 94"
"Arthropoda","","","Odonata","","","","","Otu 95","","Otu 95"
"Arthropoda","","","Odonata","","","","","Otu 96","","Otu 96"
"Arthropoda","","","Odonata","","","","","Otu 97","","Otu 97"
"Arthropoda","","","Odonata","","","","","Otu 98","","Otu 98"
"Arthropoda","","","Odonata","","","","","Otu 99","","Otu 99"
"Arthropoda","","","Odonata","","","","","Otu 100","","Otu 100"
"Arthropoda","","","Odonata","","","","","Otu 101","","Otu 101"
"Arthropoda","","","Odonata","","","","","Otu 102","","Otu 102"
"Arthropoda","","","Odonata","","","","","Otu 103","","Otu 103"
"Arthropoda","","","Odonata","","","","","Otu 104","","Otu 104"
"Arthropoda","","","Odonata","","","","","Otu 105","","Otu 105"
"Arthropoda","","","Odonata","","","","","Otu 106","","Otu 106"
"Arthropoda","","","Odonata","","","","","Otu 107","","Otu 107"
"Arthropoda","","","Odonata","","","","","Otu 108","","Otu 108"
"Arthropoda","","","Odonata","","","","","Otu 109","","Otu 109"
"Arthropoda","","","Odonata","","","","","Otu 110","","Otu 110"
"Arthropoda","","","Odonata","","","","","Otu 111","","Otu 111"
"Arthropoda","","","Odonata","","","","","Otu 112","","Otu 112"
"Arthropoda","","","Odonata","","","","","Otu 113","","Otu 113"
"Arthropoda","","","Odonata","","","","","Otu 114","","Otu 114"
"Arthropoda","","","Odonata","","","","","Otu 115","","Otu 115"
"Arthropoda","","","Odonata","","","","","Otu 116","","Otu 116"
"Arthropoda","","","Odonata","","","","","Otu 117","","Otu 117"
"Arthropoda","","","Odonata","","","","","Otu 118","","Otu 118"
"Arthropoda","","","Odonata","","","","","Otu 119","","Otu 119"
"Arthropoda","","","Odonata","","","","","Otu 120","","Otu 120"
"Arthropoda","","","Odonata","","","","","Otu 121","","Otu 121"
"Arthropoda","","","Odonata","","","","","Otu 122","","Otu 122"
"Arthropoda","","","Odonata","","","","","Otu 123","","Otu 123"
"Arthropoda","","","Odonata","","","","","Otu 124","","Otu 124"
"Arthropoda","","","Odonata","","","","","Otu 125","","Otu 125"
"Arthropoda","","","Odonata","","","","","Otu 126","","Otu 126"
"Arthropoda","","","Odonata","","","","","Otu 127","","Otu 127"
"Arthropoda","","","Odonata","","","","","Otu 128","","Otu 128"
"Arthropoda","","","Odonata","","","","","Otu 129","","Otu 129"
"Arthropoda","","","Odonata","","","","","Otu 130","","Otu 130"
"Arthropoda","","","Odonata","","","","","Otu 131","","Otu 131"
"Arthropoda","","","Odonata","","","","","Otu 132","","Otu 132"
"Arthropoda","","","Odonata","","","","","Otu 133","","Otu 133"
"Arthropoda","","","Odonata","","","","","Otu 134","","Otu 134"
"Arthropoda","","","Odonata","","","","","Otu 135","","Otu 135"
"Arthropoda","","","Odonata","","","","","Otu 136","","Otu 136"
"Arthropoda","","","Odonata","","","","","Otu 137","","Otu 137"
"Arthropoda","","","Odonata","","","","","Otu 138","","Otu 138"
"Arthropoda","","","Odonata","","","","","Otu 139","","Otu 139"
"Arthropoda","","","Odonata","","","","","Otu 140","","Otu 140"
"Arthropoda","","","Odonata","","","","","Otu 141","","Otu 141"
"Arthropoda","","","Odonata","","","","","Otu 142","","Otu 142"
"Arthropoda","","","Odonata","","","","","Otu 143","","Otu 143"
"Arthropoda","","","Odonata","","","","","Otu 144","","Otu 144"
"Arthropoda","","","Odonata","","","","","Otu 145","","Otu 145"
"Arthropoda","","","Odonata","","","","","Otu 146","","Otu 146"
"Arthropoda","","","Odonata","","","","","Otu 147","","Otu 147"
"Arthropoda","","","Odonata","","","","","Otu 148","","Otu 148"
"Arthropoda","","","Odonata","","","","","Otu 149","","Otu 149"
"Arthropoda","","","Odonata","","","","","Otu 150","","Otu 150"
"Arthropoda","","","Odonata","","","","","Otu 151","","Otu 151"
"Arthropoda","","","Odonata","","","","","Otu 152","","Otu 152"
"Arthropoda","","","Odonata","","","","","Otu 153","","Otu 153"
"Arthropoda","","","Odonata","","","","","Otu 154","","Otu 154"
"Arthropoda","","","Odonata","","","","","Otu 155","","Otu 155"
"Arthropoda","","","Odonata","","","","","Otu 156","","Otu 156"
"Arthropoda","","","Odonata","","","","","Otu 157","","Otu 157"
"Arthropoda","","","Odonata","","","","","Otu 158","","Otu 158"
"Arthropoda","","","Odonata","","","","","Otu 159","","Otu 159"
"Arthropoda","","","Odonata","","","","","Otu 160","","Otu 160"
"Arthropoda","","","Odonata","","","","","Otu 161","","Otu 161"
"Arthropoda","","","Odonata","","","","","Otu 162","","Otu 162"
"Arthropoda","","","Odonata","","","","","Otu 163","","Otu 163"
"Arthropoda","","","Odonata","","","","","Otu 164","","Otu 164"
"Arthropoda","","","Odonata","","","","","Otu 165","","Otu 165"
"Arthropoda","","","Odonata","","","","","Otu 166","","Otu 166"
"Arthropoda","","","Odonata","","","","","Otu 167","","Otu 167"
"Arthropoda","","","Odonata","","","","","Otu 168","","Otu 168"
"Arthropoda","","","Odonata","","","","","Otu 169","","Otu 169"
"Arthropoda","","","Odonata","","","","","Otu 170","","Otu 170"
"Arthropoda","","","Odonata","","","","","Otu 171","","Otu 171"
"Arthropoda","","","Odonata","","","","","Otu 172","","Otu 172"
"Arthropoda","","","Odonata","","","","","Otu 173","","Otu 173"
"Arthropoda","","","Odonata","","","","","Otu 174","","Otu 174"
"Arthropoda","","","Odonata","","","","","Otu 175","","Otu 175"
"Arthropoda","","","Odonata","","","","","Otu 176","","Otu 176"
"Arthropoda","","","Odonata","","","","","Otu 177","","Otu 177"
"Arthropoda","","","Odonata","","","","","Otu 178","","Otu 178"
"Arthropoda","","","Odonata","","","","","Otu 179","","Otu 179"
"Arthropoda","","","Odonata","","","","","Otu 180","","Otu 180"
"Arthropoda","","","Odonata","","","","","Otu 181","","Otu 181"
"Arthropoda","","","Odonata","","","","","Otu 182","","Otu 182"
"Arthropoda","","","Odonata","","","","","Otu 183","","Otu 183"
"Arthropoda","","","Odonata","","","","","Otu 184","","Otu 184"
"Arthropoda","","","Odonata","","","","","Otu 185","","Otu 185"
"Arthropoda","","","Odonata","","","","","Otu 186","","Otu 186"
"Arthropoda","","","Odonata","","","","","Otu 187","","Otu 187"
"Arthropoda","","","Odonata","","","","","Otu 188","","Otu 188"
"Arthropoda","","","Odonata","","","","","Otu 189","","Otu 189"
"Arthropoda","","","Odonata","","","","","Otu 190","","Otu 190"
"Arthropoda","","","Odonata","","","","","Otu 191","","Otu 191"
"Arthropoda","","","Odonata","","","","","Otu 192","","Otu 192"
"Arthropoda","","","Odonata","","","","","Otu 193","","Otu 193"
"Arthropoda","","","Odonata","","","","","Otu 194","","Otu 194"
"Arthropoda","","","Odonata","","","","","Otu 195","","Otu 195"
"Arthropoda","","","Odonata","","","","","Otu 196","","Otu 196"
"Arthropoda","","","Odonata","","","","","Otu 197","","Otu 197"
"Arthropoda","","","Odonata","","","","","Otu 198","","Otu 198"
"Arthropoda","","","Odonata","","","","","Otu 199","","Otu 199"
"Arthropoda","","","Odonata","","","","","Otu 200","","Otu 200"
"Arthropoda","","","Odonata","","","","","Otu 201","","Otu 201"
"Arthropoda","","","Odonata","","","","","Otu 202","","Otu 202"
"Arthropoda","","","Odonata","","","","","Otu 203","","Otu 203"
"Arthropoda","","","Odonata","","","","","Otu 204","","Otu 204"
"Arthropoda","","","Odonata","","","","","Otu 205","","Otu 205"
"Arthropoda","","","Odonata","","","","","Otu 206","","Otu 206"
"Arthropoda","","","Odonata","","","","","Otu 207","","Otu 207"
"Arthropoda","","","Odonata","","","","","Otu 208","","Otu 208"
"Arthropoda","","","Odonata","","","","","Otu 209","","Otu 209"
"Arthropoda","","","Odonata","","","","","Otu 210","","Otu 210"
"Arthropoda","","","Odonata","","","","","Otu 211","","Otu 211"
"Arthropoda","","","Odonata","","","","","Otu 212","","Otu 212"
"Arthropoda","","","Odonata","","","","","Otu 213","","Otu 213"
"Arthropoda","","","Odonata","","","","","Otu 214","","Otu 214"
"Arthropoda","","","Odonata","","","","","Otu 215","","Otu 215"
"Arthropoda","","","Odonata","","","","","Otu 216","","Otu 216"
"Arthropoda","","","Odonata","","","","","Otu 217","","Otu 217"
"Arthropoda","","","Odonata","","","","","Otu 218","","Otu 218"
"Arthropoda","","","Odonata","","","","","Otu 219","","Otu 219"
"Arthropoda","","","Odonata","","","","","Otu 220","","Otu 220"
"Arthropoda","","","Odonata","","","","","Otu 221","","Otu 221"
"Arthropoda","","","Odonata","","","","","Otu 222","","Otu 222"
"Arthropoda","","","Odonata","","","","","Otu 223","","Otu 223"
"Arthropoda","","","Odonata","","","","","Otu 224","","Otu 224"
"Arthropoda","","","Odonata","","","","","Otu 225","","Otu 225"
"Arthropoda","","","Odonata","","","","","Otu 226","","Otu 226"
"Arthropoda","","","Odonata","","","","","Otu 227","","Otu 227"
"Arthropoda","","","Odonata","","","","","Otu 228","","Otu 228"
"Arthropoda","","","Odonata","","","","","Otu 229","","Otu 229"
"Arthropoda","","","Odonata","","","","","Otu 230","","Otu 230"
"Arthropoda","","","Odonata","","","","","Otu 231","","Otu 231"
"Arthropoda","","","Odonata","","","","","Otu 232","","Otu 232"
"Arthropoda","","","Odonata","","","","","Otu 233","","Otu 233"
"Arthropoda","","","Odonata","","","","","Otu 234","","Otu 234"
"Arthropoda","","","Odonata","","","","","Otu 235","","Otu 235"
"Arthropoda","","","Odonata","","","","","Otu 236","","Otu 236"
"Arthropoda","","","Odonata","","","","","Otu 237","","Otu 237"
"Arthropoda","","","Odonata","","","","","Otu 238","","Otu 238"
"Arthropoda","","","Odonata","","","","","Otu 239","","Otu 239"
"Arthropoda","","","Odonata","","","","","Otu 240","","Otu 240"
"Arthropoda","","","Odonata","","","","","Otu 241","","Otu 241"
"Arthropoda","","","Odonata","","","","","Otu 242","","Otu 242"
"Arthropoda","","","Odonata","","","","","Otu 243","","Otu 243"
"Arthropoda","","","Odonata","","","","","Otu 244","","Otu 244"
"Arthropoda","","","Odonata","","","","","Otu 245","","Otu 245"
"Arthropoda","","","Odonata","","","","","Otu 246","","Otu 246"
"Arthropoda","","","Odonata","","","","","Otu 247","","Otu 247"
"Arthropoda","","","Odonata","","","","","Otu 248","","Otu 248"
"Arthropoda","","","Odonata","","","","","Otu 249","","Otu 249"
"Arthropoda","","","Odonata","","","","","Otu 250","","Otu 250"
"Arthropoda","","","Odonata","","","","","Otu 251","","Otu 251"
"Arthropoda","","","Odonata","","","","","Otu 252","","Otu 252"
"Arthropoda","","","Odonata","","","","","Otu 253","","Otu 253"
"Arthropoda","","","Odonata","","","","","Otu 254","","Otu 254"
"Arthropoda","","","Odonata","","","","","Otu 255","","Otu 255"
"Arthropoda","","","Odonata","","","","","Otu 256","","Otu 256"
"Arthropoda","","","Odonata","","","","","Otu 257","","Otu 257"
"Arthropoda","","","Odonata","","","","","Otu 258","","Otu 258"
"Arthropoda","","","Odonata","","","","","Otu 259","","Otu 259"
"Arthropoda","","","Odonata","","","","","Otu 260","","Otu 260"
"Arthropoda","","","Odonata","","","","","Otu 261","","Otu 261"
"Arthropoda","","","Odonata","","","","","Otu 262","","Otu 262"
"Arthropoda","","","Odonata","","","","","Otu 263","","Otu 263"
"Arthropoda","","","Odonata","","","","","Otu 264","","Otu 264"
"Arthropoda","","","Odonata","","","","","Otu 265","","Otu 265"
"Arthropoda","","","Odonata","","","","","Otu 266","","Otu 266"
"Arthropoda","","","Odonata","","","","","Otu 267","","Otu 267"
"Arthropoda","","","Odonata","","","","","Otu 268","","Otu 268"
"Arthropoda","","","Odonata","","","","","Otu 269","","Otu 269"
"Arthropoda","","","Odonata","","","","","Otu 270","","Otu 270"
"Arthropoda","","","Odonata","","","","","Otu 271","","Otu 271"
"Arthropoda","","","Odonata","","","","","Otu 272","","Otu 272"
"Arthropoda","","","Odonata","","","","","Otu 273","","Otu 273"
"Arthropoda","","","Odonata","","","","","Otu 274","","Otu 274"
"Arthropoda","","","Odonata","","","","","Otu 275","","Otu 275"
"Arthropoda","","","Odonata","","","","","Otu 276","","Otu 276"
"Arthropoda","","","Odonata","","","","","Otu 277","","Otu 277"
"Arthropoda","","","Odonata","","","","","Otu 278","","Otu 278"
"Arthropoda","","","Odonata","","","","","Otu 279","","Otu 279"
"Arthropoda","","","Odonata","","","","","Otu 280","","Otu 280"
"Arthropoda","","","Odonata","","","","","Otu 281","","Otu 281"
"Arthropoda","","","Odonata","","","","","Otu 282","","Otu 282"
"Arthropoda","","","Odonata","","","","","Otu 283","","Otu 283"
"Arthropoda","","","Odonata","","","","","Otu 284","","Otu 284"
"Arthropoda","","","Odonata","","","","","Otu 285","","Otu 285"
"Arthropoda","","","Odonata","","","","","Otu 286","","Otu 286"
"Arthropoda","","","Odonata","","","","","Otu 287","","Otu 287"
"Arthropoda","","","Odonata","","","","","Otu 288","","Otu 288"
"Arthropoda","","","Odonata","","","","","Otu 289","","Otu 289"
"Arthropoda","","","Odonata","","","","","Otu 290","","Otu 290"
"Arthropoda","","","Odonata","","","","","Otu 291","","Otu 291"
"Arthropoda","","","Odonata","","","","","Otu 292","","Otu 292"
"Arthropoda","","","Odonata","","","","","Otu 293","","Otu 293"
"Arthropoda","","","Odonata","","","","","Otu 294","","Otu 294"
"Arthropoda","","","Odonata","","","","","Otu 295","","Otu 295"
"Arthropoda","","","Odonata","","","","","Otu 296","","Otu 296"
"Arthropoda","","","Odonata","","","","","Otu 297","","Otu 297"
"Arthropoda","","","Odonata","","","","","Otu 298","","Otu 298"
"Arthropoda","","","Odonata","","","","","Otu 299","","Otu 299"
"Arthropoda","","","Odonata","","","","","Otu 300","","Otu 300"
"Arthropoda","","","Odonata","","","","","Otu 301","","Otu 301"
"Arthropoda","","","Odonata","","","","","Otu 302","","Otu 302"
"Arthropoda","","","Odonata","","","","","Otu 303","","Otu 303"
"Arthropoda","","","Odonata","","","","","Otu 304","","Otu 304"
"Arthropoda","","","Odonata","","","","","Otu 305","","Otu 305"
"Arthropoda","","","Odonata","","","","","Otu 306","","Otu 306"
"Arthropoda","","","Odonata","","","","","Otu 307","","Otu 307"
"Arthropoda","","","Odonata","","","","","Otu 308","","Otu 308"
"Arthropoda","","","Odonata","","","","","Otu 309","","Otu 309"
"Arthropoda","","","Odonata","","","","","Otu 310","","Otu 310"
"Arthropoda","","","Odonata","","","","","Otu 311","","Otu 311"
"Arthropoda","","","Odonata","","","","","Otu 312","","Otu 312"
"Arthropoda","","","Odonata","","","","","Otu 313","","Otu 313"
"Arthropoda","","","Odonata","","","","","Otu 314","","Otu 314"
"Arthropoda","","","Odonata","","","","","Otu 315","","Otu 315"
"Arthropoda","","","Odonata","","","","","Otu 316","","Otu 316"
"Arthropoda","","","Odonata","","","","","Otu 317","","Otu 317"
"Arthropoda","","","Odonata","","","","","Otu 318","","Otu 318"
"Arthropoda","","","Odonata","","","","","Otu 319","","Otu 319"
"Arthropoda","","","Odonata","","","","","Otu 320","","Otu 320"
"Arthropoda","","","Odonata","","","","","Otu 321","","Otu 321"
"Arthropoda","","","Odonata","","","","","Otu 322","","Otu 322"
"Arthropoda","","","Odonata","","","","","Otu 323","","Otu 323"
"Arthropoda","","","Odonata","","","","","Otu 324","","Otu 324"
"Arthropoda","","","Odonata","","","","","Otu 325","","Otu 325"
"Arthropoda","","","Odonata","","","","","Otu 326","","Otu 326"
"Arthropoda","","","Odonata","","","","","Otu 327","","Otu 327"
"Arthropoda","","","Odonata","","","","","Otu 328","","Otu 328"
"Arthropoda","","","Odonata","","","","","Otu 329","","Otu 329"
"Arthropoda","","","Odonata","","","","","Otu 330","","Otu 330"
"Arthropoda","","","Odonata","","","","","Otu 331","","Otu 331"
